player_id,player_name,date,price,log_price,lag_1,lag_3,lag_7,ma_3,ma_7,pct_change,vol_3,vol_7,day_of_week,is_weekend,next_day_price
50575278,jonathan-david,2026-03-20,36000,10.491301994830229,10.663147865904188,10.426765325491356,10.426765325491356,10.599966189080098,10.492620400722616,-0.016115866837356996,0.018549843213911888,0.012671224878945684,4,0,10.17545936253226
50575278,jonathan-david,2026-03-21,26250,10.17545936253226,10.491301994830229,10.645448706505872,10.470249176632354,10.443303074422225,10.450507570136889,-0.030105189275230648,0.015921514790914505,0.017076392359813133,5,1,10.19432713480299
50575278,jonathan-david,2026-03-22,26750,10.19432713480299,10.17545936253226,10.663147865904188,10.434145214930487,10.287029497388493,10.41624784440439,0.001854242801087036,0.016020982498634186,0.017219162181616267,6,1,10.248884134178173
50575278,jonathan-david,2026-03-23,28250,10.248884134178173,10.19432713480299,10.491301994830229,10.31728452076383,10.206223543837806,10.406476360606437,0.005351701848857582,0.019539825343031437,0.017071487294199918,0,0,10.308985993422082
50575278,jonathan-david,2026-03-24,30000,10.308985993422082,10.248884134178173,10.17545936253226,10.426765325491356,10.25073242080108,10.389650741739398,0.005864234433432758,0.0021823130822045,0.01663008865985831,1,0,10.31728452076383
50575278,jonathan-david,2026-03-25,30250,10.31728452076383,10.308985993422082,10.19432713480299,10.645448706505872,10.291718216121362,10.34277014377625,0.0008049799802853919,0.0027848227059693504,0.013548856488755328,2,0,10.389026137075234
50575278,jonathan-david,2026-03-26,32500,10.389026137075234,10.31728452076383,10.248884134178173,10.663147865904188,10.338432217087048,10.303609896800683,0.006953536675956107,0.003280939510697467,0.014079542748644496,3,0,10.404293143019792
50575278,jonathan-david,2026-03-27,33000,10.404293143019792,10.389026137075234,10.308985993422082,10.491301994830229,10.370201266952952,10.291180060827767,0.0014695319602744394,0.0033744304827037774,0.013007964452751503,4,0,10.484333519758916
50575278,jonathan-david,2026-03-28,35750,10.484333519758916,10.404293143019792,10.31728452076383,10.17545936253226,10.425884266617981,10.335304940431573,0.007693014377706531,0.0033998252012196794,0.0028376475698086447,5,1,10.53212287826962
50575278,jonathan-david,2026-03-29,37500,10.53212287826962,10.484333519758916,10.389026137075234,10.19432713480299,10.473583180349443,10.38356147521252,0.004558168473049795,0.0031117698006675122,0.0026279886755342773,6,1,10.590390276998745
50575278,jonathan-david,2026-03-30,39750,10.590390276998745,10.53212287826962,10.404293143019792,10.248884134178173,10.535615558342426,10.432348067044032,0.0055323508282785205,0.0016044083582953722,0.0026366629691347504,0,0,10.651383301144275
50575278,jonathan-david,2026-03-31,42250,10.651383301144275,10.590390276998745,10.484333519758916,10.308985993422082,10.591298818804214,10.4812619681472,0.005759280116238941,0.0006381218982787307,0.0026292040434704677,1,0,10.714439990727769
50575278,jonathan-david,2026-04-01,45000,10.714439990727769,10.651383301144275,10.53212287826962,10.31728452076383,10.652071189623596,10.537998463856336,0.005920046983636462,0.00019478671937349379,0.0020101676315700616,2,0,10.725489582719506
50575278,jonathan-david,2026-04-02,45500,10.725489582719506,10.714439990727769,10.590390276998745,10.389026137075234,10.697104291530517,10.586064670376945,0.00103128040301681,0.0027772848237581577,0.0024512524483973086,3,0,10.53212287826962
50575278,jonathan-david,2026-04-03,37500,10.53212287826962,10.725489582719506,10.651383301144275,10.404293143019792,10.657350817238965,10.604326061126923,-0.018028706564726993,0.012653892276098276,0.00896922690543781,4,0,10.308985993422082
50575278,jonathan-david,2026-04-04,30000,10.308985993422082,10.53212287826962,10.714439990727769,10.484333519758916,10.522199484803735,10.579276414507374,-0.02118631613270716,0.012019950063807645,0.011944802658408875,5,1,10.156228740289281
50575278,jonathan-david,2026-04-05,25750,10.156228740289281,10.308985993422082,10.725489582719506,10.53212287826962,10.332445870660328,10.525577251938754,-0.014817873768600665,0.0031842582488816706,0.012317750192767828,6,1,10.136621037879685
50575278,jonathan-david,2026-04-06,25250,10.136621037879685,10.156228740289281,10.53212287826962,10.590390276998745,10.200611923863683,10.460753074921744,-0.0019306085862179634,0.009810036825805158,0.01154131467313782,0,0,10.239995502805316
50575278,jonathan-david,2026-04-07,28000,10.239995502805316,10.136621037879685,10.308985993422082,10.651383301144275,10.177615093658092,10.401983389444752,0.010198118735950557,0.012509912811608858,0.01239680245642489,1,0,10.283669040109793
50575278,jonathan-david,2026-04-08,29250,10.283669040109793,10.239995502805316,10.156228740289281,10.714439990727769,10.220095193598263,10.340444682213612,0.004264995750487666,0.006064837012280302,0.012155123149265708,2,0,10.333677793031093
50575278,jonathan-david,2026-04-09,30750,10.333677793031093,10.283669040109793,10.136621037879685,10.725489582719506,10.285780778648734,10.284471569400981,0.004862929050541087,0.003266591535817316,0.012591486028787563,3,0,10.32551474894327
50575278,jonathan-david,2026-04-10,30500,10.32551474894327,10.333677793031093,10.239995502805316,10.53212287826962,10.314287194028052,10.25495612235436,-0.0007899456758103662,0.0031055045142037506,0.01129057142893641,4,0,10.25769445336048
50575278,jonathan-david,2026-04-11,28500,10.25769445336048,10.32551474894327,10.283669040109793,10.308985993422082,10.305628998444949,10.247628759488418,-0.006568224173979398,0.0057156912547344915,0.008262739865390728,5,1,10.11662117122102
50575278,jonathan-david,2026-04-12,24750,10.11662117122102,10.25769445336048,10.333677793031093,10.156228740289281,10.233276791174923,10.24197053533581,-0.01375292301607256,0.006494192038251407,0.007963492904720957,6,1,10.146472946063877
50575278,jonathan-david,2026-04-13,25500,10.146472946063877,10.11662117122102,10.32551474894327,10.136621037879685,10.173596190215125,10.243377950790691,0.0029507653135987244,0.0083789842476181,0.008033899594505572,0,0,10.184937747111391
50575278,jonathan-david,2026-04-14,26500,10.184937747111391,10.146472946063877,10.25769445336048,10.239995502805316,10.149343954798763,10.235512557120131,0.003790952900774913,0.00989534150650515,0.006998814146830325,1,0,10.085850775128717
50575278,jonathan-david,2026-04-15,24000,10.085850775128717,10.184937747111391,10.11662117122102,10.283669040109793,10.139087156101327,10.207252804979978,-0.009728775417481184,0.0075747356624088925,0.0073192408253707035,2,0,10.106469212026385
50575278,jonathan-david,2026-04-16,24500,10.106469212026385,10.085850775128717,10.146472946063877,10.333677793031093,10.12575257808883,10.17479443626502,0.002044293273554265,0.00735344613153879,0.006896052257925234,3,0,10.106469212026385
50575278,jonathan-david,2026-04-17,24500,10.106469212026385,10.106469212026385,10.184937747111391,10.32551474894327,10.099596399727162,10.143502216705466,0.0,0.006290645866627737,0.006947392672117064,4,0,10.064798252418377
50575278,jonathan-david,2026-04-18,23500,10.064798252418377,10.106469212026385,10.085850775128717,10.25769445336048,10.092578892157048,10.11594561657088,-0.00412319661137639,0.003141597703003101,0.006800211718955449,5,1,10.12667110305036
50575278,jonathan-david,2026-04-19,25000,10.12667110305036,10.064798252418377,10.106469212026385,10.11662117122102,10.099312855831707,10.117381321117929,0.006147450657256304,0.005168463588536058,0.005424195134263775,6,1,10.21284549666577
50575278,jonathan-david,2026-04-20,27250,10.21284549666577,10.12667110305036,10.106469212026385,10.146472946063877,10.134771617378169,10.126863114061054,0.008509646727783204,0.0067163345214488485,0.006246416281453295,0,0,10.165890277802454
50575278,jonathan-david,2026-04-21,26000,10.165890277802454,10.21284549666577,10.064798252418377,10.184937747111391,10.168468959172861,10.12414204701692,-0.00459766270611317,0.006986164804611829,0.006412696693588336,1,0,10.266427828229292
50575278,jonathan-david,2026-04-22,28750,10.266427828229292,10.165890277802454,10.12667110305036,10.085850775128717,10.215054534232506,10.149938768888433,0.009889694623830936,0.007995724015547094,0.005841075436776796,2,0,10.455963627557306
50575278,jonathan-david,2026-04-23,34750,10.455963627557306,10.266427828229292,10.21284549666577,10.106469212026385,10.296093911196351,10.199866542535705,0.018461708638992658,0.01165545332675583,0.008356996354719978,3,0,10.470249176632354
50575278,jonathan-david,2026-04-24,35250,10.470249176632354,10.455963627557306,10.165890277802454,10.106469212026385,10.397546877472983,10.251835108907986,0.0013662584897864427,0.008547736577707367,0.008238646893204953,4,0,10.426765325491356
50575278,jonathan-david,2026-04-25,33750,10.426765325491356,10.470249176632354,10.266427828229292,10.064798252418377,10.450992709893674,10.303544690775555,-0.00415308656054203,0.011790861910150848,0.008244225753272612,5,1,10.455963627557306
50575278,jonathan-david,2026-04-26,34750,10.455963627557306,10.426765325491356,10.455963627557306,10.12667110305036,10.45099270989367,10.350586479990834,0.0028003221665080513,0.0036712759212316794,0.008269641032116689,6,1,10.525434069084952
50575278,jonathan-david,2026-04-27,37250,10.525434069084952,10.455963627557306,10.470249176632354,10.21284549666577,10.469387674044539,10.395241990336432,0.006644097474148847,0.005472715423200627,0.008152285677477328,0,0,10.55843949396453
50575278,jonathan-david,2026-04-28,38500,10.55843949396453,10.525434069084952,10.426765325491356,10.165890277802454,10.513279063535595,10.451320449788156,0.003135778027104852,0.002128984288048497,0.007207796092958739,1,0,10.590390276998745
50575278,jonathan-david,2026-04-29,39750,10.590390276998745,10.55843949396453,10.455963627557306,10.266427828229292,10.558087946682742,10.497600799612366,0.0030260895137468324,0.002057924460631852,0.006965848624386653,2,0,10.674775633480014
50575278,jonathan-david,2026-04-30,43250,10.674775633480014,10.590390276998745,10.525434069084952,10.455963627557306,10.607868468147762,10.528859657601322,0.007968106394015129,0.00282214338935452,0.003912582839683604,3,0,10.53212287826962
50575278,jonathan-david,2026-04-30,37500,10.53212287826962,10.674775633480014,10.55843949396453,10.470249176632354,10.599096262916126,10.537698757835217,-0.013363536631438189,0.011166037570755644,0.0073604432270101515,3,0,10.691967639914864
50575278,jonathan-david,2026-04-30,44000,10.691967639914864,10.53212287826962,10.590390276998745,10.426765325491356,10.632955383888167,10.57558480275286,0.015176879674946075,0.014841163304151504,0.00867286886285965,3,0,10.703266939811954
50575278,jonathan-david,2026-04-30,44500,10.703266939811954,10.691967639914864,10.674775633480014,10.455963627557306,10.642452485998811,10.610913847360669,0.0010568026651061047,0.014270471395700254,0.008725437418572722,3,0,10.602890127258581
50575278,jonathan-david,2026-04-30,40250,10.602890127258581,10.703266939811954,10.53212287826962,10.525434069084952,10.666041568995134,10.62197899852833,-0.009378147169254558,0.012323514759250894,0.009765330648574128,3,0,10.57773220059301
50575278,jonathan-david,2026-04-30,39250,10.57773220059301,10.602890127258581,10.691967639914864,10.55843949396453,10.627963089221181,10.624735099475256,-0.0023727423715250717,0.005318609680232163,0.0097947946267851,3,0,10.657282884047461
50575278,jonathan-david,2026-04-30,42500,10.657282884047461,10.57773220059301,10.703266939811954,10.590390276998745,10.612635070633017,10.634291186196501,0.007520580209999128,0.008490391776595524,0.0101442115906728,3,0,10.627430633893226
50575278,jonathan-david,2026-04-30,41250,10.627430633893226,10.657282884047461,10.602890127258581,10.674775633480014,10.620815239511233,10.62752761482696,-0.002801112673749162,0.005839501645465184,0.00970867124158829,3,0,10.596659732783579
50575278,jonathan-david,2026-04-30,40000,10.596659732783579,10.627430633893226,10.57773220059301,10.53212287826962,10.627124416908089,10.636747165471812,-0.0028954224374340143,0.005986642763537282,0.008084352935679212,3,0,10.668978650219241
50575278,jonathan-david,2026-04-30,43000,10.668978650219241,10.596659732783579,10.657282884047461,10.691967639914864,10.631023005632015,10.633463024086723,0.006824689973947695,0.005584883708634557,0.0059646733367751505,3,0,10.725489582719506
50575278,jonathan-david,2026-04-30,45500,10.725489582719506,10.668978650219241,10.627430633893226,10.703266939811954,10.663709321907442,10.63663768735923,0.005296751859101612,0.005226963743856058,0.006328669125086335,3,0,10.703266939811954
50575278,jonathan-david,2026-04-30,44500,10.703266939811954,10.725489582719506,10.596659732783579,10.602890127258581,10.699245057583568,10.65097723200971,-0.0020719467149878934,0.004757143013993137,0.00490660524585665,3,0,10.697633249050782
50575278,jonathan-david,2026-04-30,44250,10.697633249050782,10.703266939811954,10.668978650219241,10.57773220059301,10.708796590527413,10.668105953217964,-0.0005263524485423776,0.003885767279228973,0.004718698934991176,3,0,10.674775633480014
50575278,jonathan-david,2026-04-30,43250,10.674775633480014,10.697633249050782,10.725489582719506,10.657282884047461,10.691891940780918,10.670604917422613,-0.0021366983741750722,0.0009116165507892901,0.004074088781471179,3,0,10.639478682087963
50575278,jonathan-david,2026-04-30,41750,10.639478682087963,10.674775633480014,10.703266939811954,10.627430633893226,10.670629188206254,10.67232606716472,-0.0033065754826121507,0.001395914668369707,0.004140933064522562,3,0,10.615235658245211
50575278,jonathan-david,2026-04-30,40750,10.615235658245211,10.639478682087963,10.697633249050782,10.596659732783579,10.643163324604396,10.674979770802096,-0.0022785913264309343,0.0006384222067075177,0.0040708182841533765,3,0,10.615235658245211
50575278,jonathan-david,2026-04-30,40750,10.615235658245211,10.615235658245211,10.674775633480014,10.668978650219241,10.623316666192794,10.667302200520092,0.0,0.0016922456126134521,0.002878412086993805,3,0,10.703266939811954
50575278,jonathan-david,2026-04-30,44500,10.703266939811954,10.615235658245211,10.639478682087963,10.725489582719506,10.644579418767458,10.664127537247584,0.008292918254562354,0.00556359126270631,0.0039464393075085745,3,0,10.725489582719506
50575278,jonathan-david,2026-04-30,45500,10.725489582719506,10.703266939811954,10.615235658245211,10.703266939811954,10.681330726925557,10.667302200520092,0.0020762485914362916,0.004315288385317292,0.003945643501878275,3,0,10.680539205318292
50575278,jonathan-david,2026-04-30,43500,10.680539205318292,10.725489582719506,10.615235658245211,10.697633249050782,10.703098575949918,10.664860194272594,-0.004190986066839986,0.006241969228113013,0.004301126641609819,3,0,10.645448706505872
50575278,jonathan-david,2026-04-30,42000,10.645448706505872,10.680539205318292,10.703266939811954,10.674775633480014,10.683825831514556,10.660670633276286,-0.0032854613552606438,0.003387381949177672,0.004407034743024591,3,0,10.70886906982204
50575278,jonathan-david,2026-04-30,44750,10.70886906982204,10.645448706505872,10.725489582719506,10.639478682087963,10.678285660548736,10.670583545809725,0.005957509642351422,0.0056161145083508624,0.004760187891087967,3,0,10.736418414365376
50575278,jonathan-david,2026-05-01,46000,10.736418414365376,10.70886906982204,10.680539205318292,10.615235658245211,10.696912063564431,10.687895368112606,0.002572572730483058,0.004676303278405588,0.0045627461804333535,4,0,10.757924157061597
50575278,jonathan-david,2026-05-01,47000,10.757924157061597,10.736418414365376,10.645448706505872,10.615235658245211,10.734403880416338,10.708279439372092,0.0020030648831128595,0.0021377468839650572,0.004505805252699428,4,0,10.719980048331397
50575278,jonathan-david,2026-05-01,45250,10.719980048331397,10.757924157061597,10.70886906982204,10.703266939811954,10.738107539919456,10.71066702630344,-0.0035270846100260433,0.00336929053551601,0.003891522309421593,4,0,10.778977123006351
50575278,jonathan-david,2026-05-01,48000,10.778977123006351,10.719980048331397,10.736418414365376,10.725489582719506,10.752293776133115,10.718308103487276,0.005503468701337555,0.004553135795187127,0.004351064753887923,4,0,10.62135173563291
50575278,jonathan-david,2026-05-01,41000,10.62135173563291,10.778977123006351,10.757924157061597,10.680539205318292,10.706769635656888,10.709852750675077,-0.014623408656931791,0.01008109197671672,0.00718011672575796,4,0,10.639478682087963
50575278,jonathan-david,2026-05-01,41750,10.639478682087963,10.62135173563291,10.719980048331397,10.645448706505872,10.679935846909075,10.708999890043946,0.0017066515549277739,0.010694062832252955,0.007136570885079142,4,0,10.627430633893226
50575278,jonathan-david,2026-05-01,41250,10.627430633893226,10.639478682087963,10.778977123006351,10.70886906982204,10.629420350538034,10.697365827768405,-0.001132390839320041,0.008724855204093763,0.006625309865235615,4,0,10.691967639914864
50575278,jonathan-david,2026-05-01,44000,10.691967639914864,10.627430633893226,10.62135173563291,10.736418414365376,10.652958985298683,10.691015717132617,0.006072681934598201,0.0036294043742281555,0.007063697936601051,4,0,10.763229096719098
50575278,jonathan-david,2026-05-01,47250,10.763229096719098,10.691967639914864,10.639478682087963,10.757924157061597,10.694209123509063,10.691773565655115,0.0066649525329840476,0.004340937337426565,0.0075498725222066096,4,0,10.680539205318292
50575278,jonathan-david,2026-05-01,43500,10.680539205318292,10.763229096719098,10.627430633893226,10.719980048331397,10.711911980650752,10.686139159510386,-0.007682628573428052,0.008118009148789733,0.008030238385914108,4,0,10.584081267024454
50575278,jonathan-david,2026-05-01,39500,10.584081267024454,10.680539205318292,10.691967639914864,10.778977123006351,10.675949856353947,10.658296894370116,-0.009031186201330366,0.008699046522921267,0.008098427295278302,4,0,10.545367754151743
50575278,jonathan-david,2026-05-01,38000,10.545367754151743,10.584081267024454,10.763229096719098,10.62135173563291,10.603329408831495,10.647442039872805,-0.0036577112265120393,0.002795615633758124,0.006222783601318517,4,0,10.719980048331397
50575278,jonathan-david,2026-05-01,45250,10.719980048331397,10.545367754151743,10.680539205318292,10.639478682087963,10.616476356502531,10.658942235050437,0.01655819865655328,0.01349304674706014,0.009147366146951627,4,0,10.639478682087963
50575278,jonathan-david,2026-05-01,41750,10.639478682087963,10.719980048331397,10.584081267024454,10.627430633893226,10.634942161523702,10.660663384792544,-0.007509469782638667,0.01292782348575988,0.009708614116196534,4,0,10.491301994830229
50575278,jonathan-david,2026-05-01,36000,10.491301994830229,10.639478682087963,10.545367754151743,10.691967639914864,10.616920241749863,10.631996864066167,-0.01392706275235056,0.016071658941508252,0.010595376528984003,4,0,10.752590924862394
50575278,jonathan-david,2026-05-01,46750,10.752590924862394,10.491301994830229,10.719980048331397,10.763229096719098,10.627790533926863,10.630477125229495,0.024905291084073244,0.020816075222642363,0.014712521177441117,4,0,10.703266939811954
50575278,jonathan-david,2026-05-01,44500,10.703266939811954,10.752590924862394,10.639478682087963,10.680539205318292,10.649053286501527,10.633723944442876,-0.004587172096019443,0.02026898552953322,0.014489679941226269,4,0,10.686269748667398
50575278,jonathan-david,2026-05-01,43750,10.686269748667398,10.703266939811954,10.491301994830229,10.584081267024454,10.71404253778058,10.648322298963295,-0.0015880376748648173,0.01623112575903908,0.013945728503366858,4,0,10.668978650219241
50575278,jonathan-david,2026-05-01,43000,10.668978650219241,10.686269748667398,10.752590924862394,10.545367754151743,10.686171779566196,10.66598099840151,-0.0016180668142232735,0.0017229478227616432,0.013841991737398682,4,0,10.70886906982204
50575278,jonathan-david,2026-05-01,44750,10.70886906982204,10.668978650219241,10.703266939811954,10.719980048331397,10.688039156236224,10.664393715757317,0.0037389164333905267,0.0030842236012726576,0.01232031787483687,4,0,10.657282884047461
50575278,jonathan-david,2026-05-01,42500,10.657282884047461,10.70886906982204,10.686269748667398,10.639478682087963,10.67837686802958,10.666937173180102,-0.004817145997232375,0.004323146644345477,0.012089727764307346,4,0,10.747229096720554
50575278,jonathan-david,2026-05-01,46500,10.747229096720554,10.657282884047461,10.668978650219241,10.491301994830229,10.704460350196685,10.703498187735864,0.00843988225251402,0.006721285615662352,0.010561769978013408,4,0,10.747229096720554
50575278,jonathan-david,2026-05-01,46500,10.747229096720554,10.747229096720554,10.70886906982204,10.752590924862394,10.717247025829522,10.702732212287028,0.0,0.006710505520072323,0.00473588326206951,4,0,10.602890127258581
50575278,jonathan-david,2026-05-01,40250,10.602890127258581,10.747229096720554,10.657282884047461,10.703266939811954,10.699116106899895,10.688392667636547,-0.013430342664419226,0.011029599980939681,0.006851292842823939,4,0,10.719980048331397
50575278,jonathan-david,2026-05-02,45250,10.719980048331397,10.602890127258581,10.747229096720554,10.686269748667398,10.690033090770179,10.693208424731406,0.01104320799965608,0.012256163273461287,0.008284033803579435,5,1,10.602890127258581
50575278,jonathan-david,2026-05-02,40250,10.602890127258581,10.719980048331397,10.747229096720554,10.668978650219241,10.64192010094952,10.683767207165596,-0.010922587592972377,0.013464395602369008,0.009354065533451209,5,1,10.505094936455558
50575278,jonathan-david,2026-05-02,36500,10.505094936455558,10.602890127258581,10.602890127258581,10.70886906982204,10.609321704015178,10.65465661668467,-0.009223446591378415,0.012221023855585454,0.009574720102065476,5,1,10.615235658245211
50575278,jonathan-david,2026-05-02,40750,10.615235658245211,10.505094936455558,10.719980048331397,10.657282884047461,10.574406907319783,10.648649870141492,0.010484505133545596,0.011899258102482492,0.010692656530998825,5,1,10.686269748667398
50575278,jonathan-david,2026-05-02,43750,10.686269748667398,10.615235658245211,10.602890127258581,10.747229096720554,10.602200114456055,10.639941391848183,0.00669171111307465,0.010456902763496045,0.010466659099630458,5,1,10.639478682087963
50575278,jonathan-david,2026-05-02,41750,10.639478682087963,10.686269748667398,10.505094936455558,10.747229096720554,10.646994696333524,10.624548475472098,-0.004378615520656215,0.007722799296461655,0.010543855788562167,5,1,10.663147865904188
50575278,jonathan-david,2026-05-02,42750,10.663147865904188,10.639478682087963,10.615235658245211,10.602890127258581,10.66296543221985,10.63315672385004,0.002224656350510168,0.005569409146306548,0.009130050008386473,5,1,10.545367754151743
50575278,jonathan-david,2026-05-02,38000,10.545367754151743,10.663147865904188,10.686269748667398,10.719980048331397,10.615998100714632,10.608212110395806,-0.011045529259614884,0.006635118239770644,0.0088303862048461,5,1,10.657282884047461
50575278,jonathan-david,2026-05-02,42500,10.657282884047461,10.545367754151743,10.639478682087963,10.602890127258581,10.621932834701132,10.615982504222789,0.010612728973027785,0.01092045281508993,0.009077605018709967,5,1,10.639478682087963
50575278,jonathan-david,2026-05-02,41750,10.639478682087963,10.657282884047461,10.663147865904188,10.505094936455558,10.61404310676239,10.635180182170275,-0.0016706136219907242,0.010861627396412565,0.008087104339896038,5,1,10.680539205318292
50575278,jonathan-david,2026-05-02,43500,10.680539205318292,10.639478682087963,10.545367754151743,10.615235658245211,10.659100257151238,10.644509260323572,0.003859260820687993,0.0061518201743204345,0.007252131415658458,5,1,10.609081944147828
50575278,jonathan-david,2026-05-02,40500,10.609081944147828,10.680539205318292,10.657282884047461,10.686269748667398,10.643033277184694,10.63348243110649,-0.006690417009553418,0.0052768936525741505,0.007234448241862669,5,1,10.804684950962628
50575278,jonathan-david,2026-05-02,49250,10.804684950962628,10.609081944147828,10.639478682087963,10.639478682087963,10.698102033476248,10.657083326660015,0.01843731699354989,0.012617570026433501,0.010055082652086404,5,1,10.703266939811954
50575278,jonathan-david,2026-05-02,44500,10.703266939811954,10.804684950962628,10.680539205318292,10.663147865904188,10.705677944974136,10.662814622932553,-0.009386484808299622,0.015345117271273159,0.010974975287365964,5,1,10.773755288097965
50575278,jonathan-david,2026-05-02,47750,10.773755288097965,10.703266939811954,10.609081944147828,10.545367754151743,10.760569059624181,10.6954414134963,0.006585685350313231,0.01396266055647022,0.009822795502910044,5,1,10.778977123006351
50575278,jonathan-david,2026-05-02,48000,10.778977123006351,10.773755288097965,10.804684950962628,10.657282884047461,10.751999783638757,10.71282630477614,0.0004846810391316847,0.008059904759241192,0.009262884201616564,5,1,10.819798284210286
50575278,jonathan-david,2026-05-02,50000,10.819798284210286,10.778977123006351,10.703266939811954,10.639478682087963,10.790843565104867,10.738586247936471,0.0037871089935619384,0.0030539677367818225,0.009165000370088909,5,1,10.719980048331397
50575278,jonathan-david,2026-05-02,45250,10.719980048331397,10.819798284210286,10.773755288097965,10.680539205318292,10.772918485182679,10.744220654081202,-0.009225517265378014,0.006764150891057439,0.010112566101685054,5,1,10.70886906982204
50575278,jonathan-david,2026-05-02,44750,10.70886906982204,10.719980048331397,10.778977123006351,10.609081944147828,10.74954913412124,10.758475957748946,-0.0010364738049196687,0.006578447460786077,0.009651256422772215,5,1,10.719980048331397
50575278,jonathan-david,2026-05-02,45250,10.719980048331397,10.70886906982204,10.819798284210286,10.804684950962628,10.716276388828279,10.746375257373057,0.0010375491974843332,0.005426670824623297,0.006120013792512624,5,1,10.79448098903612
50575278,jonathan-david,2026-05-02,48750,10.79448098903612,10.719980048331397,10.719980048331397,10.703266939811954,10.741110035729852,10.75940583583365,0.006949727552554519,0.0041439682358576715,0.0055224486072385694,5,1,10.757924157061597
50575278,jonathan-david,2026-05-02,47000,10.757924157061597,10.79448098903612,10.70886906982204,10.773755288097965,10.757461731476374,10.757144245685598,-0.0033866224797333144,0.005185995242343107,0.005185398665100003,5,1,10.773755288097965
50575278,jonathan-david,2026-05-02,47750,10.773755288097965,10.757924157061597,10.719980048331397,10.778977123006351,10.77538681139856,10.756398269270116,0.0014715786061734182,0.0051712726618602396,0.0052203680774810515,5,1,10.768506042432708
50575278,jonathan-david,2026-05-02,47500,10.768506042432708,10.773755288097965,10.79448098903612,10.819798284210286,10.766728495864092,10.74907080615903,-0.00048722525478694934,0.002444229074945217,0.004938065241768765,5,1,10.784171831940965
50575278,jonathan-david,2026-05-03,48250,10.784171831940965,10.768506042432708,10.757924157061597,10.719980048331397,10.77547772082388,10.7582410609604,0.0014547783551892568,0.0011260974525107422,0.0031960779753495445,6,1,10.668978650219241
50575278,jonathan-david,2026-05-03,43000,10.668978650219241,10.784171831940965,10.773755288097965,10.70886906982204,10.740552174864305,10.752542429588571,-0.010681690121121745,0.006519104731589374,0.005440089894074076,6,1,10.70886906982204
100914866,rayan-cherki,2026-04-30,200000,12.206077645517674,12.206077645517674,12.225880174775122,13.025854679664231,12.194201980085365,12.36234447991134,0.0,0.0037592741300456873,0.009501536750431883,3,0,12.206077645517674
100914866,rayan-cherki,2026-04-30,200000,12.206077645517674,12.206077645517674,12.170450649220749,12.813119851828635,12.206077645517674,12.27562416472406,0.0,0.0016900981315563393,0.009464662407310935,3,0,12.206077645517674
100914866,rayan-cherki,2026-04-30,200000,12.206077645517674,12.206077645517674,12.206077645517674,12.509877789891931,12.206077645517674,12.232224144099165,0.0,0.0,0.006090672600179757,3,0,12.185875040240456
100914866,rayan-cherki,2026-04-30,196000,12.185875040240456,12.206077645517674,12.206077645517674,12.404927602627597,12.199343443758602,12.200930920901003,-0.0016551267216161625,0.0009555878582680371,0.005707608876745149,3,0,12.175618592671356
100914866,rayan-cherki,2026-04-30,194000,12.175618592671356,12.185875040240456,12.206077645517674,12.225880174775122,12.189190426143162,12.193750694886178,-0.0008416668918096448,0.0008276034191250919,0.00224228785801991,3,0,12.154784614286667
100914866,rayan-cherki,2026-04-30,190000,12.154784614286667,12.175618592671356,12.206077645517674,12.170450649220749,12.17209274906616,12.191512689895598,-0.0017111227841211107,0.00048662203032745125,0.0015658232326298586,3,0,12.160033942617156
100914866,rayan-cherki,2026-04-30,191000,12.160033942617156,12.154784614286667,12.185875040240456,12.206077645517674,12.163479049858394,12.184935018052666,0.00043187341422079584,0.0010778289262731765,0.0008684636617593628,3,0,12.144202560946876
100914866,rayan-cherki,2026-04-30,188000,12.144202560946876,12.160033942617156,12.175618592671356,12.206077645517674,12.153007039283565,12.176095720256837,-0.001301919200636048,0.0011376816419204632,0.000873081290064137,3,0,12.144202560946876
100914866,rayan-cherki,2026-04-30,188000,12.144202560946876,12.144202560946876,12.154784614286667,12.206077645517674,12.149479688170302,12.167256422461008,0.0,0.0009025468669481658,0.000873081290064137,3,0,12.149507585033072
100914866,rayan-cherki,2026-04-30,189000,12.149507585033072,12.144202560946876,12.160033942617156,12.206077645517674,12.14597090230894,12.159174985248924,0.00043683593546561816,0.0009045338267876707,0.0009461300369876107,3,0,12.149507585033072
100914866,rayan-cherki,2026-04-30,189000,12.149507585033072,12.149507585033072,12.144202560946876,12.185875040240456,12.147739243671007,12.15397963450501,0.0,0.0002522073449327886,0.000859741854903831,3,0,12.170450649220749
100914866,rayan-cherki,2026-04-30,193000,12.170450649220749,12.149507585033072,12.144202560946876,12.175618592671356,12.156488606428965,12.153241356869211,0.0017237788479160798,0.0008961455621106358,0.0011508273897505902,3,0,12.175618592671356
100914866,rayan-cherki,2026-04-30,194000,12.175618592671356,12.170450649220749,12.149507585033072,12.154784614286667,12.165192275641727,12.156217639495594,0.0004246304101267473,0.0008981008819668496,0.0008947798306455866,3,0,12.165255859329688
100914866,rayan-cherki,2026-04-30,192000,12.165255859329688,12.175618592671356,12.149507585033072,12.160033942617156,12.170441700407265,12.156963627597383,-0.0008511052857638202,0.0012874598072080009,0.0009776874184123543,3,0,12.165255859329688
100914866,rayan-cherki,2026-04-30,192000,12.165255859329688,12.165255859329688,12.170450649220749,12.144202560946876,12.168710103776911,12.159971241652073,0.0,0.0006496399975408107,0.0007786017868779944,3,0,12.160033942617156
100914866,rayan-cherki,2026-04-30,191000,12.160033942617156,12.165255859329688,12.175618592671356,12.144202560946876,12.163515220425511,12.162232867604969,-0.0004292484081646064,0.00042555799223778983,0.0008173061143546483,3,0,12.175618592671356
100914866,rayan-cherki,2026-04-30,194000,12.175618592671356,12.160033942617156,12.165255859329688,12.149507585033072,12.166969464872734,12.165963011553293,0.0012816288283192812,0.0008901242954226187,0.0009167667892113914,3,0,12.175618592671356
100914866,rayan-cherki,2026-04-30,194000,12.175618592671356,12.175618592671356,12.165255859329688,12.149507585033072,12.170423709319955,12.169693155501621,0.0,0.0008901242954226187,0.0009167667892113914,3,0,12.19602736016897
100914866,rayan-cherki,2026-04-30,198000,12.19602736016897,12.175618592671356,12.160033942617156,12.170450649220749,12.18242151517056,12.173346971351366,0.0016761996396550405,0.0008763469452521775,0.0009046085092930367,3,0,12.206077645517674
100914866,rayan-cherki,2026-04-30,200000,12.206077645517674,12.19602736016897,12.175618592671356,12.175618592671356,12.192574532785999,12.177698264615127,0.0008240622173025791,0.0008381390056288261,0.0009261007230690008,3,0,12.225880174775122
100914866,rayan-cherki,2026-04-30,204000,12.225880174775122,12.206077645517674,12.175618592671356,12.165255859329688,12.209328393487255,12.18635888110733,0.0016223499335776825,0.0004771968942644596,0.000857494142540379,3,0,12.216027926866138
100914866,rayan-cherki,2026-04-30,202000,12.216027926866138,12.225880174775122,12.19602736016897,12.165255859329688,12.215995249052979,12.193612033612538,-0.0008058518297366923,0.0012376083711507673,0.0010094439389771665,3,0,12.206077645517674
100914866,rayan-cherki,2026-05-01,200000,12.206077645517674,12.216027926866138,12.206077645517674,12.160033942617156,12.215995249052979,12.20018970545547,-0.0008145267355341712,0.001404433869204679,0.00108249660170858,4,0,12.175618592671356
100914866,rayan-cherki,2026-05-01,194000,12.175618592671356,12.206077645517674,12.225880174775122,12.175618592671356,12.199241388351723,12.20018970545547,-0.0024954005480625208,0.0009729668458920428,0.0015088964663649376,4,0,12.160033942617156
100914866,rayan-cherki,2026-05-01,191000,12.160033942617156,12.175618592671356,12.216027926866138,12.175618592671356,12.180576726935394,12.1979633268763,-0.0012799883583393123,0.0008678726948575442,0.001584688580043226,4,0,12.170450649220749
100914866,rayan-cherki,2026-05-01,193000,12.170450649220749,12.160033942617156,12.206077645517674,12.19602736016897,12.168701061503086,12.194309511026555,0.0008566346650633605,0.0016969838343905952,0.0014489953932653155,4,0,12.175618592671356
100914866,rayan-cherki,2026-05-01,194000,12.175618592671356,12.170450649220749,12.175618592671356,12.206077645517674,12.168701061503086,12.189958217762792,0.0004246304101267473,0.0011297131469407394,0.001404584028090879,4,0,12.190964083849375
100914866,rayan-cherki,2026-05-01,197000,12.190964083849375,12.175618592671356,12.160033942617156,12.225880174775122,12.179011108580495,12.184970204773402,0.0012603459168190057,0.0004179375669489755,0.0013239528351911896,4,0,12.175618592671356
100914866,rayan-cherki,2026-05-01,194000,12.175618592671356,12.190964083849375,12.170450649220749,12.216027926866138,12.18073375639736,12.179197442745574,-0.0012587594444929406,0.0012831025960637374,0.001357297999275182,4,0,12.220966184120165
100914866,rayan-cherki,2026-05-01,203000,12.220966184120165,12.175618592671356,12.175618592671356,12.206077645517674,12.19584962021363,12.181324376831645,0.0037244589343579104,0.0024916597612806945,0.0020658841995121473,4,0,12.216027926866138
100914866,rayan-cherki,2026-05-01,202000,12.216027926866138,12.220966184120165,12.190964083849375,12.175618592671356,12.204204234552554,12.187097138859471,-0.00040408075594255966,0.0026648258556725437,0.0017408150471939605,4,0,12.201065128819632
100914866,rayan-cherki,2026-05-01,199000,12.201065128819632,12.216027926866138,12.175618592671356,12.160033942617156,12.212686413268647,12.192958736888396,-0.0012248496922309116,0.00265248806162531,0.0017316524088365605,4,0,12.245298166364206
100914866,rayan-cherki,2026-05-01,208000,12.245298166364206,12.201065128819632,12.220966184120165,12.170450649220749,12.220797074016659,12.203651239337463,0.003625342302295609,0.0025959671997416336,0.002106869685243909,4,0,12.250094315624496
100914866,rayan-cherki,2026-05-01,209000,12.250094315624496,12.245298166364206,12.216027926866138,12.175618592671356,12.232152536936113,12.214290628330767,0.00039167272165441247,0.002469619608196338,0.00210808857062217,4,0,12.250094315624496
100914866,rayan-cherki,2026-05-01,209000,12.250094315624496,12.250094315624496,12.201065128819632,12.190964083849375,12.248495599204398,12.222737804298642,0.0,0.0019896872989855477,0.002123303998729896,4,0,12.259618151783465
100914866,rayan-cherki,2026-05-01,211000,12.259618151783465,12.250094315624496,12.245298166364206,12.175618592671356,12.253268927677487,12.234737741314657,0.0007774500272068607,0.0003887287390052051,0.0019431228904728164,4,0,12.264346270624157
100914866,rayan-cherki,2026-05-01,212000,12.264346270624157,12.259618151783465,12.250094315624496,12.220966184120165,12.258019579344039,12.240934896529511,0.0003856660772101339,0.0003887290254555372,0.0015226973896086324,4,0,12.25486757159303
100914866,rayan-cherki,2026-05-01,210000,12.25486757159303,12.264346270624157,12.250094315624496,12.216027926866138,12.259610664666885,12.246483417204784,-0.0007728662271898612,0.0008061402124175953,0.0015652708166488496,4,0,12.259618151783465
100914866,rayan-cherki,2026-05-01,211000,12.259618151783465,12.25486757159303,12.259618151783465,12.201065128819632,12.259610664666885,12.254848134771043,0.0003876484313423134,0.0006694519279149614,0.0013852086751608322,4,0,12.175618592671356
100914866,rayan-cherki,2026-05-01,194000,12.175618592671356,12.259618151783465,12.264346270624157,12.245298166364206,12.23003477201595,12.24489390995778,-0.0068517271967308835,0.003888185190291599,0.002707641020599399,4,0,12.201065128819632
100914866,rayan-cherki,2026-05-01,199000,12.201065128819632,12.175618592671356,12.25486757159303,12.250094315624496,12.212100624424819,12.237889740414229,0.002089958383189927,0.004747984829845595,0.002902514262334849,4,0,12.230770136157428
100914866,rayan-cherki,2026-05-01,205000,12.230770136157428,12.201065128819632,12.259618151783465,12.250094315624496,12.202484619216138,12.235129143347505,0.0024346241106139033,0.005264802245055502,0.003119812118649488,4,0,12.235636302128867
100914866,rayan-cherki,2026-05-01,206000,12.235636302128867,12.230770136157428,12.175618592671356,12.259618151783465,12.222490522368643,12.231703164825419,0.00039786259714369443,0.001090136082909652,0.0031028112779505792,4,0,12.240478903153711
100914866,rayan-cherki,2026-05-01,207000,12.240478903153711,12.235636302128867,12.201065128819632,12.264346270624157,12.235628447146668,12.228293540901072,0.0003957784381023455,0.0011765269144670047,0.0031031727708702534,4,0,12.225880174775122
100914866,rayan-cherki,2026-05-01,204000,12.225880174775122,12.240478903153711,12.230770136157428,12.25486757159303,12.233998460019235,12.224152484212796,-0.0011926599027778373,0.0009176875402566479,0.0031184369535425735,4,0,12.211065162153215
100914866,rayan-cherki,2026-05-01,201000,12.211065162153215,12.225880174775122,12.235636302128867,12.259618151783465,12.225808080027349,12.217216342837048,-0.0012117747278821422,0.0009226527805539628,0.0031153362625323277,4,0,12.220966184120165
100914866,rayan-cherki,2026-05-02,203000,12.220966184120165,12.211065162153215,12.240478903153711,12.175618592671356,12.219303840349502,12.223694570186877,0.0008108237762614046,0.001162269112388861,0.0014245880523415925,5,1,12.211065162153215
100914866,rayan-cherki,2026-05-02,201000,12.211065162153215,12.220966184120165,12.225880174775122,12.201065128819632,12.214365502808866,12.225123146377388,-0.0008101668736973933,0.0010708099944092544,0.0013133836463523425,5,1,12.190964083849375
100914866,rayan-cherki,2026-05-02,197000,12.190964083849375,12.211065162153215,12.211065162153215,12.230770136157428,12.207665143374252,12.219436567476238,-0.0016461363555851927,0.0012492069985518344,0.0009759253853907806,5,1,12.185875040240456
100914866,rayan-cherki,2026-05-02,196000,12.185875040240456,12.190964083849375,12.220966184120165,12.235636302128867,12.195968095414349,12.212327815777895,-0.00041744390139419885,0.0006275297409430558,0.0009015777511908539,5,1,12.201065128819632
100914866,rayan-cherki,2026-05-02,199000,12.201065128819632,12.185875040240456,12.211065162153215,12.240478903153711,12.192634750969821,12.20669727658731,0.0012465324426038649,0.0014517825363088203,0.0010924398564860804,5,1,12.190964083849375
100914866,rayan-cherki,2026-05-02,197000,12.190964083849375,12.201065128819632,12.190964083849375,12.225880174775122,12.192634750969821,12.20170926359792,-0.0008278822269703889,0.0010985196943942225,0.001059887801859551,5,1,12.19602736016897
100914866,rayan-cherki,2026-05-02,198000,12.19602736016897,12.190964083849375,12.185875040240456,12.211065162153215,12.196018857612659,12.199561006171598,0.0004153302630349742,0.0010440043566296642,0.0010322954990021871,5,1,12.206077645517674
100914866,rayan-cherki,2026-05-02,200000,12.206077645517674,12.19602736016897,12.201065128819632,12.220966184120165,12.197689696512006,12.197434072085526,0.0008240622173025791,0.0008603835920399228,0.0010344137354658467,5,1,12.211065162153215
100914866,rayan-cherki,2026-05-02,201000,12.211065162153215,12.206077645517674,12.190964083849375,12.211065162153215,12.20439005594662,12.197434072085528,0.0004086092830462018,0.00023794541481668319,0.0010117472006247942,5,1,12.220966184120165
100914866,rayan-cherki,2026-05-02,203000,12.220966184120165,12.211065162153215,12.19602736016897,12.190964083849375,12.212702997263685,12.201720086409926,0.0008108237762614046,0.0002361330470503997,0.0007331358851013329,5,1,12.235636302128867
100914866,rayan-cherki,2026-05-02,206000,12.235636302128867,12.220966184120165,12.206077645517674,12.185875040240456,12.22255588280075,12.208828838108273,0.0012004057443317784,0.0003959150255004958,0.0007048158569329786,5,1,12.25486757159303
100914866,rayan-cherki,2026-05-02,210000,12.25486757159303,12.235636302128867,12.211065162153215,12.201065128819632,12.237156685947355,12.216514901361615,0.0015717424896666277,0.00038049581177978847,0.0007641018395683298,5,1,12.250094315624496
100914866,rayan-cherki,2026-05-02,209000,12.250094315624496,12.25486757159303,12.220966184120165,12.190964083849375,12.246866063115464,12.224962077329488,-0.0003894987800274752,0.0010418056994920951,0.0006311996396068548,5,1,12.250094315624496
100914866,rayan-cherki,2026-05-02,209000,12.250094315624496,12.250094315624496,12.235636302128867,12.19602736016897,12.25168540094734,12.232685928108848,0.0,0.0010383120172839603,0.0006791972453124809,5,1,12.25486757159303
100914866,rayan-cherki,2026-05-02,210000,12.25486757159303,12.250094315624496,12.25486757159303,12.206077645517674,12.25168540094734,12.239655917548188,0.0003896505484406454,0.0003895746666976178,0.0006786022248344784,5,1,12.269052139516223
100914866,rayan-cherki,2026-05-02,213000,12.269052139516223,12.25486757159303,12.250094315624496,12.211065162153215,12.258004675577917,12.247939771457187,0.001157463990559382,0.0005889380161556353,0.0007072941561918197,5,1,12.269052139516223
100914866,rayan-cherki,2026-05-02,213000,12.269052139516223,12.269052139516223,12.250094315624496,12.220966184120165,12.264323950208492,12.254809193656623,0.0,0.0005889380161556353,0.0007470451628850657,5,1,12.259618151783465
100914866,rayan-cherki,2026-05-02,211000,12.259618151783465,12.269052139516223,12.25486757159303,12.235636302128867,12.265907476938636,12.25823517217871,-0.0007689255555750618,0.0009697032263287381,0.0008322497990349662,5,1,12.28765724080691
100914866,rayan-cherki,2026-05-02,217000,12.28765724080691,12.259618151783465,12.269052139516223,12.25486757159303,12.272109177368867,12.262919410637835,0.002287109490385353,0.0015896260846063497,0.001036221713828824,5,1,12.296831574998258
100914866,rayan-cherki,2026-05-02,219000,12.296831574998258,12.28765724080691,12.269052139516223,12.250094315624496,12.28136898919621,12.269596161976944,0.0007466300541718596,0.0015280344619679623,0.0009827931933147891,5,1,12.310437165348775
100914866,rayan-cherki,2026-05-02,222000,12.310437165348775,12.296831574998258,12.259618151783465,12.250094315624496,12.298308660384649,12.278216569080412,0.0011064305685197784,0.0008058676504302011,0.0009694982314833548,5,1,12.319405795112926
100914866,rayan-cherki,2026-05-02,224000,12.319405795112926,12.310437165348775,12.28765724080691,12.25486757159303,12.308891511819986,12.287436315297539,0.000728538689868552,0.00021314548221734045,0.0009596765534759516,5,1,12.296831574998258
100914866,rayan-cherki,2026-05-02,219000,12.296831574998258,12.319405795112926,12.296831574998258,12.269052139516223,12.308891511819986,12.291404806080688,-0.0018324114401381264,0.0015988568933347485,0.001339019335987947,5,1,12.269052139516223
100914866,rayan-cherki,2026-05-02,213000,12.269052139516223,12.296831574998258,12.310437165348775,12.269052139516223,12.295096503209136,12.291404806080688,-0.0022590726166011876,0.0016158757505053808,0.0016631125902920392,5,1,12.283038316285214
100914866,rayan-cherki,2026-05-03,216000,12.283038316285214,12.269052139516223,12.319405795112926,12.259618151783465,12.282974010266564,12.294750543866652,0.0011399557691946782,0.0018515939328978088,0.0016722659474878374,6,1,12.269052139516223
100914866,rayan-cherki,2026-05-03,213000,12.269052139516223,12.283038316285214,12.296831574998258,12.28765724080691,12.27371419843922,12.292092672253697,-0.0011386577497237704,0.0017320894419729012,0.001474475948357701,6,1,12.259618151783465
100940939,lamine-yamal,2026-01-30,1110000,13.919871474189012,13.83531416565213,13.81750955863044,14.441984139729627,13.843985469663162,13.901264137149393,0.0061117013697313816,0.00478470565668893,0.009628470874742707,4,0,13.921671653072837
100940939,lamine-yamal,2026-01-31,1112000,13.921671653072837,13.919871474189012,13.776770769148342,14.13396501635527,13.89228576430466,13.87093651382333,0.00012932438975199467,0.003061376339078395,0.006570575131851575,5,1,13.866204622849683
100940939,lamine-yamal,2026-02-01,1052000,13.866204622849683,13.921671653072837,13.83531416565213,13.940380422622287,13.90258258337051,13.860339970998675,-0.003984221981769731,0.005076707699560027,0.0043861756501575285,6,1,13.869999690217593
100940939,lamine-yamal,2026-02-02,1056000,13.869999690217593,13.866204622849683,13.919871474189012,13.88503755344827,13.885958655380037,13.858191704822861,0.00027369186241910093,0.00241771021224487,0.004154699304960209,0,0,13.85952840031839
100940939,lamine-yamal,2026-02-03,1045000,13.85952840031839,13.869999690217593,13.921671653072837,13.81750955863044,13.865244237795222,13.86419439649257,-0.0007549596346847487,0.002221714409839459,0.0036351677493216402,1,0,13.871891836579518
100940939,lamine-yamal,2026-02-04,1058000,13.871891836579518,13.85952840031839,13.866204622849683,13.776770769148342,13.867139975705166,13.87778312041131,0.0008920531712208746,0.0008319801473527088,0.0033142845912497495,2,0,13.896169383490529
100940939,lamine-yamal,2026-02-05,1084000,13.896169383490529,13.871891836579518,13.869999690217593,13.83531416565213,13.875863206796145,13.886476722959653,0.0017501251593521339,0.0012730795042564782,0.003026526691463988,3,0,13.93062425632998
100940939,lamine-yamal,2026-02-06,1122000,13.93062425632998,13.896169383490529,13.85952840031839,13.919871474189012,13.899561825466677,13.888012834694077,0.0024794511270411768,0.0007945686643397198,0.0020997563130554704,4,0,13.970804298534327
100940939,lamine-yamal,2026-02-07,1168000,13.970804298534327,13.93062425632998,13.871891836579518,13.921671653072837,13.932532646118277,13.895031784045717,0.0028842958840189503,0.0005747693562188343,0.0023471175404786936,5,1,13.978480235859726
100940939,lamine-yamal,2026-02-08,1177000,13.978480235859726,13.970804298534327,13.896169383490529,13.866204622849683,13.95996959690801,13.911071157332866,0.0005494270166108706,0.001247698212181552,0.0012883646927579738,6,1,13.989464705423494
100940939,lamine-yamal,2026-02-09,1190000,13.989464705423494,13.978480235859726,13.93062425632998,13.869999690217593,13.979583079939182,13.928137588076567,0.0007858128622300065,0.001285244586887199,0.0012438533474386395,0,0,14.00282048545632
100940939,lamine-yamal,2026-02-10,1206000,14.00282048545632,13.989464705423494,13.970804298534327,13.85952840031839,13.990255142246513,13.948607885953413,0.0009547027219454218,0.00020357244822513022,0.0009140395770313627,1,0,14.033039174997754
100940939,lamine-yamal,2026-02-11,1243000,14.033039174997754,14.00282048545632,13.978480235859726,13.871891836579518,14.008441455292521,13.971628934298876,0.002158043058026804,0.0007482833085816857,0.0009056403642957609,2,0,14.042646927360453
100940939,lamine-yamal,2026-02-12,1255000,14.042646927360453,14.033039174997754,13.989464705423494,13.896169383490529,14.026168862604841,13.992554297708866,0.0006846522868557692,0.0007844143852268182,0.0009733457490657498,3,0,14.03945458880924
100940939,lamine-yamal,2026-02-13,1251000,14.03945458880924,14.042646927360453,14.00282048545632,13.93062425632998,14.03838023038915,14.008101488063044,-0.00022733168239041923,0.001203647773572388,0.001053509892682084,4,0,14.048209114476009
100940939,lamine-yamal,2026-02-14,1262000,14.048209114476009,14.03945458880924,14.033039174997754,13.970804298534327,14.0434368768819,14.019159318911857,0.0006235659377926694,0.0005098158265879264,0.0007106714777483012,5,1,14.027391726060934
100940939,lamine-yamal,2026-02-15,1236000,14.027391726060934,14.048209114476009,14.042646927360453,13.978480235859726,14.038351809782062,14.026146674654886,-0.0014818535405786148,0.0010591382529058278,0.0011212841857866384,6,1,13.999498226023698
100940939,lamine-yamal,2026-02-16,1202000,13.999498226023698,14.027391726060934,14.03945458880924,13.989464705423494,14.02503302218688,14.027580034740629,-0.0019885022520197415,0.0013851825586627007,0.001446442098773031,0,0,13.990304687967647
100940939,lamine-yamal,2026-02-17,1191000,13.990304687967647,13.999498226023698,14.048209114476009,14.00282048545632,14.005731546684094,14.025792063670819,-0.0006567048266744591,0.0006722161977393609,0.0014162757930267032,1,0,14.004477485291124
100940939,lamine-yamal,2026-02-18,1208000,14.004477485291124,13.990304687967647,14.027391726060934,14.033039174997754,13.998093466427491,14.021711822284159,0.0010130442216649271,0.0015039407956141707,0.00114936918622051,2,0,14.005304956726446
100940939,lamine-yamal,2026-02-19,1209000,14.005304956726446,14.004477485291124,13.999498226023698,14.042646927360453,14.000029043328405,14.016377255050728,5.908620555050703e-05,0.0008377006807081086,0.001083339523873698,3,0,13.981025843899115
100940939,lamine-yamal,2026-02-20,1180000,13.981025843899115,14.005304956726446,13.990304687967647,14.03945458880924,13.996936095305562,14.008030291492139,-0.0017335654526873245,0.0013944832117751978,0.0011921293576113545,4,0,13.989464705423494
100940939,lamine-yamal,2026-02-21,1190000,13.989464705423494,13.981025843899115,14.004477485291124,14.048209114476009,13.991931835349684,13.999638233056066,0.0006035938720521106,0.0012228656423798432,0.0011887459901660212,5,1,13.975075980150168
100940939,lamine-yamal,2026-02-22,1173000,13.975075980150168,13.989464705423494,14.005304956726446,14.027391726060934,13.981855509824257,13.992164555068813,-0.0010285400890105434,0.00119883524997517,0.0011440695977130138,6,1,13.978480235859726
100940939,lamine-yamal,2026-02-23,1177000,13.978480235859726,13.975075980150168,13.981025843899115,13.999498226023698,13.981006973811128,13.989161985045389,0.00024359479078284174,0.0008574951659490328,0.0009683842468443334,0,0,14.00282048545632
100940939,lamine-yamal,2026-02-24,1206000,14.00282048545632,13.978480235859726,13.989464705423494,13.990304687967647,13.985458900488737,13.9909499561152,0.001741265801854075,0.0013864324892121774,0.0011855547684205949,1,0,14.011900193662013
100940939,lamine-yamal,2026-02-25,1217000,14.011900193662013,14.00282048545632,13.975075980150168,14.004477485291124,13.99773363832602,13.992010343025326,0.0006484199533318691,0.0007747272550461707,0.0011476090813903044,2,0,14.103693255082613
100940939,lamine-yamal,2026-02-26,1334000,14.103693255082613,14.011900193662013,13.978480235859726,14.005304956726446,14.039471311400314,14.006065814219065,0.0065510787367810686,0.0031403288901921643,0.0027019778204456593,3,0,14.105191381581442
100940939,lamine-yamal,2026-02-27,1336000,14.105191381581442,14.103693255082613,14.00282048545632,13.981025843899115,14.073594943442023,14.023803748173682,0.00010622228318024618,0.003574715227232981,0.0024709455317465556,4,0,14.099185362030282
100940939,lamine-yamal,2026-02-28,1328000,14.099185362030282,14.105191381581442,14.011900193662013,13.989464705423494,14.10268999956478,14.039478127688938,-0.00042580206029696477,0.0038836428403027485,0.002546452860855915,5,1,14.094657055823134
100940939,lamine-yamal,2026-03-01,1322000,14.094657055823134,14.099185362030282,14.103693255082613,13.975075980150168,14.099677933144953,14.056561138499362,-0.0003211750247175127,0.00028185846845084925,0.002459558674546179,6,1,14.038654909278163
100940939,lamine-yamal,2026-03-02,1250000,14.038654909278163,14.094657055823134,14.105191381581442,13.978480235859726,14.077499109043861,14.065157520416282,-0.003973289050110962,0.0020790040730258815,0.003156408790040403,0,0,13.957010988293153
100940939,lamine-yamal,2026-03-03,1152000,13.957010988293153,14.038654909278163,14.099185362030282,14.00282048545632,14.030107651131482,14.058613306535829,-0.005815651250965059,0.002796471119536516,0.003910478547277139,1,0,13.902606181405073
100940939,lamine-yamal,2026-03-04,1091000,13.902606181405073,13.957010988293153,14.094657055823134,14.011900193662013,13.96609069299213,14.04299987621341,-0.0038980270871544764,0.0010860667011310535,0.00406973304467301,2,0,13.8915461710239
100940939,lamine-yamal,2026-03-05,1079000,13.8915461710239,13.902606181405073,14.038654909278163,14.103693255082613,13.917054446907377,14.012693149919306,-0.0007955350411900097,0.0025332556815472703,0.0023472958815185145,3,0,13.755761615129062
100940939,lamine-yamal,2026-03-06,942000,13.755761615129062,13.8915461710239,13.957010988293153,14.105191381581442,13.849971322519345,13.96277461185468,-0.009774617902366334,0.004560403957483288,0.003462873289236988,4,0,13.688814039991453
100940939,lamine-yamal,2026-03-07,881000,13.688814039991453,13.755761615129062,13.902606181405073,14.099185362030282,13.778707275381471,13.904150137277705,-0.004866875205512322,0.004496029324860218,0.0031861516787125626,5,1,13.691081612088286
100940939,lamine-yamal,2026-03-08,883000,13.691081612088286,13.688814039991453,13.8915461710239,14.094657055823134,13.711885755736267,13.84649650245844,0.00016565146478053627,0.004970265220240114,0.0032887543339925156,6,1,13.64472342322291
100940939,lamine-yamal,2026-03-09,843000,13.64472342322291,13.691081612088286,13.755761615129062,14.038654909278163,13.674873025100885,13.79022057587912,-0.0033860136239670657,0.002586297244244947,0.0033010914677669262,0,0,13.650637094018627
100940939,lamine-yamal,2026-03-10,848000,13.650637094018627,13.64472342322291,13.688814039991453,13.957010988293153,13.662147376443274,13.746452876697045,0.0004334034932251818,0.0021320554701377507,0.0035783040534460462,1,0,13.617060838751888
100940939,lamine-yamal,2026-03-11,820000,13.617060838751888,13.650637094018627,13.691081612088286,13.902606181405073,13.637473785331144,13.705660684889446,-0.0024596841184395535,0.0019923181387803785,0.0035701680202249097,2,0,13.550243384129509
100940939,lamine-yamal,2026-03-12,767000,13.550243384129509,13.617060838751888,13.64472342322291,13.8915461710239,13.605980438966673,13.656903143904534,-0.00490689256761101,0.0026732485587092525,0.0034930884980753163,3,0,13.455975814408239
100940939,lamine-yamal,2026-03-13,698000,13.455975814408239,13.550243384129509,13.650637094018627,13.755761615129062,13.54109334576321,13.614076600944417,-0.006956891256409414,0.0022515252555981623,0.0027353415898201134,4,0,13.378556330751158
100940939,lamine-yamal,2026-03-14,646000,13.378556330751158,13.455975814408239,13.617060838751888,13.688814039991453,13.4615918430963,13.569754071052945,-0.0057535391505522115,0.0010301586731463529,0.0028469113003040188,5,1,13.384729180332174
100940939,lamine-yamal,2026-03-15,650000,13.384729180332174,13.378556330751158,13.550243384129509,13.691081612088286,13.406420441830525,13.52598943794493,0.00046139878088546915,0.003981300810449649,0.002907873349523737,6,1,13.389333939650964
100940939,lamine-yamal,2026-03-16,653000,13.389333939650964,13.384729180332174,13.455975814408239,13.64472342322291,13.384206483578097,13.489505226006079,0.00034403081726575024,0.003554799296794467,0.0032003017643000725,0,0,13.460264592549233
100940939,lamine-yamal,2026-03-17,701000,13.460264592549233,13.389333939650964,13.378556330751158,13.650637094018627,13.411442570844123,13.462309154367594,0.0052975490205839915,0.002826643090617845,0.004322966781228206,1,0,13.482832514280924
100940939,lamine-yamal,2026-03-18,717000,13.482832514280924,13.460264592549233,13.384729180332174,13.617060838751888,13.444143682160373,13.44313367944317,0.0016766328459978386,0.002563337820790366,0.004526951095964844,2,0,13.530492932718326
100940939,lamine-yamal,2026-03-19,752000,13.530492932718326,13.482832514280924,13.389333939650964,13.550243384129509,13.491196679849494,13.44031218638443,0.0035348965721351266,0.0018106684618891544,0.004562985874161852,3,0,13.484226240787052
100940939,lamine-yamal,2026-03-20,718000,13.484226240787052,13.530492932718326,13.460264592549233,13.455975814408239,13.499183895928768,13.444347961581403,-0.003419438756691262,0.0036005987863450065,0.003826279150744287,4,0,13.420986873572868
100940939,lamine-yamal,2026-03-21,674000,13.420986873572868,13.484226240787052,13.482832514280924,13.378556330751158,13.478568682359416,13.450409467698792,-0.004689877348905469,0.004427634811321946,0.0035571937955806614,5,1,13.364526504411781
100940939,lamine-yamal,2026-03-22,637000,13.364526504411781,13.420986873572868,13.530492932718326,13.384729180332174,13.423246539590567,13.447523371138738,-0.004206871647588151,0.0006412694807643121,0.003970064115976797,6,1,13.425428028998196
100940939,lamine-yamal,2026-03-23,677000,13.425428028998196,13.364526504411781,13.484226240787052,13.389333939650964,13.403647135660949,13.452679669616913,0.004556953406939623,0.005204834341281775,0.004367331122946509,0,0,13.441545570402797
100940939,lamine-yamal,2026-03-24,688000,13.441545570402797,13.425428028998196,13.420986873572868,13.460264592549233,13.410500034604256,13.450005523595992,0.0012005234670944276,0.004421729930199851,0.003843602505351533,1,0,13.38318953651709
100940939,lamine-yamal,2026-03-25,649000,13.38318953651709,13.441545570402797,13.364526504411781,13.482832514280924,13.416721045306028,13.43577081248687,-0.004341467547764877,0.004493721209216899,0.004024644289720461,2,0,13.370786295963992
100940939,lamine-yamal,2026-03-26,641000,13.370786295963992,13.38318953651709,13.425428028998196,13.530492932718326,13.398507134294626,13.412955578664825,-0.0009267776204808786,0.002795805835696129,0.003495645038905279,3,0,13.464535055593716
100940939,lamine-yamal,2026-03-27,704000,13.464535055593716,13.370786295963992,13.441545570402797,13.484226240787052,13.406170296024934,13.410142552208635,0.007011461970491739,0.005824728373490653,0.004663497103281305,4,0,13.554147092530322
100940939,lamine-yamal,2026-03-28,770000,13.554147092530322,13.464535055593716,13.38318953651709,13.420986873572868,13.463156148029341,13.429165440631127,0.006655412650091952,0.004483897638985749,0.004811898188684964,5,1,13.547632419997361
100940939,lamine-yamal,2026-03-29,765000,13.547632419997361,13.554147092530322,13.370786295963992,13.364526504411781,13.522104856040466,13.455323428571925,-0.00048064053669227835,0.004226535740243299,0.004259960109023365,6,1,13.550243384129509
100940939,lamine-yamal,2026-03-30,767000,13.550243384129509,13.547632419997361,13.464535055593716,13.425428028998196,13.550674298885731,13.473154193590684,0.00019272475449616522,0.003940029837786156,0.004132920627527125,0,0,13.574713343675166
100940939,lamine-yamal,2026-03-31,786000,13.574713343675166,13.550243384129509,13.554147092530322,13.441545570402797,13.557529715934011,13.492178161201021,0.0018058686365971521,0.0011750019999468113,0.004136087550040414,1,0,13.597355791941425
100940939,lamine-yamal,2026-04-01,804000,13.597355791941425,13.574713343675166,13.547632419997361,13.38318953651709,13.5741041732487,13.522773340547356,0.0016679872121798667,0.0008942076372046128,0.0032759589050783727,2,0,13.60479076121576
100940939,lamine-yamal,2026-04-02,810000,13.60479076121576,13.597355791941425,13.550243384129509,13.370786295963992,13.59228663227745,13.556202549869038,0.0005467952290210132,0.0006905732637894183,0.003077231256582724,3,0,13.647093089770562
100940939,lamine-yamal,2026-04-03,845000,13.647093089770562,13.60479076121576,13.574713343675166,13.464535055593716,13.61641321430925,13.58228226903716,0.0031093700224626986,0.0012846170272926628,0.0023995500938313145,4,0,13.603555432133808
100940939,lamine-yamal,2026-04-04,809000,13.603555432133808,13.647093089770562,13.597355791941425,13.554147092530322,13.618479761040044,13.589340603266226,-0.0031902513854316084,0.003168005072948772,0.0020228372700596448,5,1,13.598598798635953
100940939,lamine-yamal,2026-04-05,805000,13.598598798635953,13.603555432133808,13.60479076121576,13.547632419997361,13.61641577351344,13.596621514500312,-0.00036436309041287807,0.003155357778927046,0.002013691262910488,6,1,13.632790121628451
100940939,lamine-yamal,2026-04-06,833000,13.632790121628451,13.598598798635953,13.647093089770562,13.550243384129509,13.61164811746607,13.60841390557159,0.002514326916970955,0.0028523298787359102,0.002134829332322314,0,0,13.596111238258136
100940939,lamine-yamal,2026-04-07,803000,13.596111238258136,13.632790121628451,13.603555432133808,13.574713343675166,13.609166719507513,13.611470747654872,-0.002690489844197397,0.0026072923167730546,0.002458241108941625,1,0,13.635188201437066
100940939,lamine-yamal,2026-04-08,835000,13.635188201437066,13.596111238258136,13.598598798635953,13.597355791941425,13.621363187107884,13.616875377582819,0.002874127939537008,0.003114068757864112,0.002613401535645339,2,0,13.704580114574805
100940939,lamine-yamal,2026-04-09,895000,13.704580114574805,13.635188201437066,13.632790121628451,13.60479076121576,13.645293184756667,13.631130999491253,0.005089178976673381,0.00400821384032425,0.0031622533479143348,3,0,13.70122253263775
100940939,lamine-yamal,2026-04-10,892000,13.70122253263775,13.704580114574805,13.596111238258136,13.647093089770562,13.680330282883206,13.638863777043708,-0.0002449970673296109,0.002679826672690955,0.0030501346851525596,4,0,13.684263411604524
100940939,lamine-yamal,2026-04-11,877000,13.684263411604524,13.70122253263775,13.635188201437066,13.603555432133808,13.69668868627236,13.65039348839667,-0.0012377815915936008,0.0034026824029589494,0.0027204564176807333,5,1,13.67854584967945
100940939,lamine-yamal,2026-04-12,872000,13.67854584967945,13.684263411604524,13.704580114574805,13.598598798635953,13.688010597973909,13.6618144956886,-0.0004178202182387736,0.000530381247610678,0.0027245008159045687,6,1,13.695601388686796
100940939,lamine-yamal,2026-04-13,887000,13.695601388686796,13.67854584967945,13.70122253263775,13.632790121628451,13.68613688332359,13.670787533839789,0.0012468824679741086,0.0012660389130529648,0.002635415626167798,0,0,13.650637094018627
100940939,lamine-yamal,2026-04-14,848000,13.650637094018627,13.695601388686796,13.684263411604524,13.596111238258136,13.674928110794957,13.678576941805574,-0.0032831194039650846,0.0022913639103156083,0.0027672060659219896,1,0,13.633989880380932
100940939,lamine-yamal,2026-04-15,834000,13.633989880380932,13.650637094018627,13.67854584967945,13.635188201437066,13.660076121028785,13.67840575308327,-0.0012195191713791909,0.0022679836833005788,0.0026295314691161635,2,0,13.563196916350243
100940939,lamine-yamal,2026-04-16,777000,13.563196916350243,13.633989880380932,13.695601388686796,13.704580114574805,13.615941296916601,13.658208153336902,-0.005192387896118311,0.00198693390256898,0.0021310760786918035,3,0,13.482832514280924
100940939,lamine-yamal,2026-04-17,717000,13.482832514280924,13.563196916350243,13.650637094018627,13.70122253263775,13.560006437004034,13.627009579285927,-0.005925181398232282,0.002531927105782695,0.002610631238948467,4,0,13.552847548877052
100940939,lamine-yamal,2026-04-18,769000,13.552847548877052,13.482832514280924,13.633989880380932,13.684263411604524,13.532958993169407,13.608235884610576,0.005192902494484564,0.006218293338467541,0.0038701721918170413,5,1,13.542389950903406
100940939,lamine-yamal,2026-04-19,761000,13.542389950903406,13.552847548877052,13.563196916350243,13.67854584967945,13.52602333802046,13.588785041928281,-0.0007716162921431735,0.005563969013576315,0.003857937673851797,6,1,13.47302165746721
100940939,lamine-yamal,2026-04-20,710000,13.47302165746721,13.542389950903406,13.482832514280924,13.695601388686796,13.522753052415888,13.55698793746834,-0.005122308077649795,0.005178602973067521,0.003874699690096918,0,0,13.534474352733596
100940939,lamine-yamal,2026-04-21,755000,13.534474352733596,13.47302165746721,13.552847548877052,13.650637094018627,13.516628653701403,13.54039326014191,0.004561166516965143,0.004850030441934515,0.004616894533307079,1,0,13.537119853422677
100940939,lamine-yamal,2026-04-22,757000,13.537119853422677,13.534474352733596,13.542389950903406,13.633989880380932,13.514871954541162,13.526554684862159,0.00019546386657753878,0.004849531563408397,0.004647334555519487,2,0,13.499430382731967
100940939,lamine-yamal,2026-04-23,729000,13.499430382731967,13.537119853422677,13.47302165746721,13.563196916350243,13.523674862962748,13.51744518005955,-0.002784157272655019,0.0036943940265245774,0.0043666832217495585,3,0,13.504902345124338
100940939,lamine-yamal,2026-04-24,733000,13.504902345124338,13.499430382731967,13.534474352733596,13.482832514280924,13.513817527092995,13.520598013037178,0.00040534765076971624,0.0017839625833510392,0.003700366821637239,4,0,13.342303402904738
100940939,lamine-yamal,2026-04-25,623000,13.342303402904738,13.504902345124338,13.537119853422677,13.552847548877052,13.44887871025368,13.490520277898275,-0.012039993926968418,0.006464389386148027,0.005259639721296717,5,1,13.358227280903897
100940939,lamine-yamal,2026-04-26,633000,13.358227280903897,13.342303402904738,13.499430382731967,13.542389950903406,13.401811009644325,13.464211325041203,0.001193487924708192,0.00742330490186857,0.005400529610543762,6,1,13.348703414510117
100940939,lamine-yamal,2026-04-27,627000,13.348703414510117,13.358227280903897,13.504902345124338,13.47302165746721,13.349744699439585,13.446451576047334,-0.0007129588525114361,0.007153802075481774,0.005221896768663782,0,0,13.339087971220277
100940939,lamine-yamal,2026-04-28,621000,13.339087971220277,13.348703414510117,13.342303402904738,13.534474352733596,13.348672888878097,13.418539235831146,-0.000720327884383809,0.0011028209712771746,0.004573180838504106,1,0,13.380103119076898
100940939,lamine-yamal,2026-04-29,647000,13.380103119076898,13.339087971220277,13.358227280903897,13.537119853422677,13.355964834935763,13.396108273781747,0.003074809008315471,0.002188999151228372,0.004926360344162412,2,0,13.49116588426581
100940939,lamine-yamal,2026-04-30,723000,13.49116588426581,13.380103119076898,13.348703414510117,13.499430382731967,13.403452324854328,13.394927631143725,0.008300591124037249,0.0045293274429326555,0.006135905827682677,3,0,13.419502094509863
100940939,lamine-yamal,2026-04-30,673000,13.419502094509863,13.49116588426581,13.339087971220277,13.504902345124338,13.430257032617524,13.382727595341658,-0.005311904869506168,0.006867141758204784,0.006435103084287474,3,0,13.527829818844937
100940939,lamine-yamal,2026-04-30,750000,13.527829818844937,13.419502094509863,13.380103119076898,13.342303402904738,13.479499265873537,13.4092313690474,0.008072410106735095,0.007794143112343278,0.004943009028333268,3,0,13.547632419997361
100940939,lamine-yamal,2026-04-30,765000,13.547632419997361,13.527829818844937,13.49116588426581,13.358227280903897,13.498321444450719,13.436289246060753,0.0014638416817485123,0.006692331498785327,0.00493684475963126,3,0,13.380103119076898
100940939,lamine-yamal,2026-04-30,647000,13.380103119076898,13.547632419997361,13.419502094509863,13.348703414510117,13.485188452639733,13.440774918141718,-0.012365946737171396,0.010429626509920992,0.007375751248973544,3,0,13.47302165746721
100940939,lamine-yamal,2026-04-30,710000,13.47302165746721,13.380103119076898,13.527829818844937,13.339087971220277,13.466919065513823,13.45990830189128,0.00694453081290769,0.00995151198124022,0.0077483396734838415,3,0,13.448786721172443
100940939,lamine-yamal,2026-04-30,693000,13.448786721172443,13.47302165746721,13.547632419997361,13.380103119076898,13.433970499238848,13.469720245047787,-0.0017987751308434774,0.009669583391540419,0.0077972374807047185,3,0,13.51845266959401
100940939,lamine-yamal,2026-04-30,743000,13.51845266959401,13.448786721172443,13.380103119076898,13.49116588426581,13.480087016077889,13.47361835723753,0.0051800916964421795,0.004623548896946595,0.007371719576979208,3,0,13.560619598657233
100940939,lamine-yamal,2026-04-30,775000,13.560619598657233,13.51845266959401,13.47302165746721,13.419502094509863,13.509286329807894,13.493778000687156,0.0031192126860839497,0.00358558244119813,0.00697794403108004,3,0,13.537119853422677
100940939,lamine-yamal,2026-04-30,757000,13.537119853422677,13.560619598657233,13.448786721172443,13.527829818844937,13.538730707224639,13.495105148483976,-0.0017329403766243034,0.0035491929618466376,0.006403043020239322,3,0,13.545014620881725
100940939,lamine-yamal,2026-04-30,763000,13.545014620881725,13.537119853422677,13.51845266959401,13.547632419997361,13.547584690987213,13.494731177181743,0.0005831940283111958,0.0024269067609561028,0.0063807531107207,3,0,13.568331709230735
100940939,lamine-yamal,2026-04-30,781000,13.568331709230735,13.545014620881725,13.560619598657233,13.380103119076898,13.550155394511712,13.521620975775148,0.0017214516928658607,0.0017603472035557844,0.003323262195270835,3,0,13.539758373899955
100940939,lamine-yamal,2026-04-30,759000,13.539758373899955,13.568331709230735,13.537119853422677,13.47302165746721,13.551034901337474,13.531154792408397,-0.002105884197343255,0.001965335943763358,0.0027992931272547983,3,0,13.530492932718326
100940939,lamine-yamal,2026-04-30,752000,13.530492932718326,13.539758373899955,13.545014620881725,13.448786721172443,13.546194338616338,13.542827108343522,-0.0006843136284832019,0.0019346433642120269,0.0026611444889196017,3,0,13.489781802915555
100940939,lamine-yamal,2026-04-30,722000,13.489781802915555,13.530492932718326,13.568331709230735,13.51845266959401,13.52001103651128,13.538731270246602,-0.0030088430632357888,0.001171867077841616,0.0022119888550251403,3,0,13.537119853422677
100940939,lamine-yamal,2026-04-30,757000,13.537119853422677,13.489781802915555,13.539758373899955,13.560619598657233,13.519131529685518,13.535374163784521,0.0035091783691334477,0.0033033673632605785,0.002315000824869839,3,0,13.508986756405742
100940939,lamine-yamal,2026-04-30,736000,13.508986756405742,13.537119853422677,13.530492932718326,13.537119853422677,13.511962804247991,13.53135514992496,-0.0020782188029325743,0.003525376388063671,0.00235530447586228,3,0,13.493928313146206
100940939,lamine-yamal,2026-04-30,725000,13.493928313146206,13.508986756405742,13.489781802915555,13.545014620881725,13.513344974324875,13.524057105962742,-0.0011146982028386043,0.0029868493338312467,0.0023371763712112885,3,0,13.438634364432907
100940939,lamine-yamal,2026-04-30,686000,13.438634364432907,13.493928313146206,13.537119853422677,13.568331709230735,13.480516477994954,13.505528913848767,-0.004097691008142501,0.0015223274949298198,0.0024327939232879673,3,0,13.482832514280924
100940939,lamine-yamal,2026-04-30,717000,13.482832514280924,13.438634364432907,13.508986756405742,13.539758373899955,13.471798397286678,13.497396648188907,0.0032888869991873904,0.003715986709842732,0.002958104147796782,3,0,13.52649559761195
100940939,lamine-yamal,2026-04-30,749000,13.52649559761195,13.482832514280924,13.493928313146206,13.530492932718326,13.482654158775262,13.496825600316566,0.0032384206571414165,0.004250149328270009,0.003291766341097988,3,0,13.561909087824318
100940939,lamine-yamal,2026-05-01,776000,13.561909087824318,13.52649559761195,13.438634364432907,13.489781802915555,13.523745733239062,13.507129498160674,0.002618083150717876,0.00037357357077220487,0.0031282358788123697,4,0,13.534474352733596
100940939,lamine-yamal,2026-05-01,755000,13.534474352733596,13.561909087824318,13.482832514280924,13.537119853422677,13.540959679389957,13.506751569490806,-0.002022925748363269,0.002875341957111171,0.003016601626090849,4,0,13.511700458595241
100940939,lamine-yamal,2026-05-01,738000,13.511700458595241,13.534474352733596,13.52649559761195,13.508986756405742,13.536027966384387,13.507139241232164,-0.0016826581915798666,0.002586861731419587,0.002975127669142563,4,0,13.493928313146206
100940939,lamine-yamal,2026-05-01,725000,13.493928313146206,13.511700458595241,13.561909087824318,13.493928313146206,13.513367708158349,13.507139241232164,-0.0013153152338963858,0.0003538915791932201,0.0029889545484279925,4,0,13.445896549926763
100940939,lamine-yamal,2026-05-01,691000,13.445896549926763,13.493928313146206,13.534474352733596,13.438634364432907,13.483841773889404,13.508176696302714,-0.003559509292238472,0.0012037384734028354,0.0028704422553685015,4,0,13.49668313203053
100940939,lamine-yamal,2026-05-01,727000,13.49668313203053,13.445896549926763,13.511700458595241,13.482832514280924,13.478835998367833,13.510155355981228,0.003777106414227349,0.0037593238584914517,0.002965735612765093,4,0,13.503537159062734
100940939,lamine-yamal,2026-05-01,732000,13.503537159062734,13.49668313203053,13.493928313146206,13.52649559761195,13.482038947006677,13.506875579045628,0.0005078304769516873,0.003675535062555443,0.0026552013220276956,4,0,13.493928313146206
100940939,lamine-yamal,2026-05-01,725000,13.493928313146206,13.503537159062734,13.445896549926763,13.561909087824318,13.49804953474649,13.497164039805897,-0.0007115799218635477,0.0023210425781890094,0.0023371274797796557,4,0,13.467371932904971
100940939,lamine-yamal,2026-05-01,706000,13.467371932904971,13.493928313146206,13.49668313203053,13.534474352733596,13.48827913503797,13.487577979830379,-0.001968024405121782,0.0012379736034703371,0.0023320945922460173,4,0,13.49254805258237
100940939,lamine-yamal,2026-05-01,724000,13.49254805258237,13.467371932904971,13.503537159062734,13.511700458595241,13.484616099544516,13.484841921828542,0.0018694159337713234,0.0019564483424852055,0.0024670744073858413,4,0,13.460264592549233
100940939,lamine-yamal,2026-05-01,701000,13.460264592549233,13.49254805258237,13.493928313146206,13.493928313146206,13.473394859345525,13.480032818886114,-0.0023926881644091846,0.002347758470213074,0.002579303775020868,4,0,13.464535055593716
100940939,lamine-yamal,2026-05-01,704000,13.464535055593716,13.460264592549233,13.467371932904971,13.445896549926763,13.472449233575105,13.482695462552824,0.00031726442040724834,0.0021571025580671447,0.0021581044936606264,4,0,13.440091026807503
100940939,lamine-yamal,2026-05-01,687000,13.440091026807503,13.464535055593716,13.49254805258237,13.49668313203053,13.454963558316818,13.47461087609239,-0.0018154380144049798,0.0014274382895644044,0.0015674625004909904,4,0,13.438634364432907
100940939,lamine-yamal,2026-05-01,686000,13.438634364432907,13.440091026807503,13.460264592549233,13.503537159062734,13.447753482278044,13.465339048288131,-0.00010838188310557939,0.0011286891428079445,0.0015112346231203292,4,0,13.450228680410094
100940939,lamine-yamal,2026-05-01,694000,13.450228680410094,13.438634364432907,13.464535055593716,13.493928313146206,13.442984690550167,13.459096243611542,0.0008627599845913991,0.0013558454732766835,0.001620197964652407,4,0,13.416525906265674
100940939,lamine-yamal,2026-05-01,671000,13.416525906265674,13.450228680410094,13.440091026807503,13.467371932904971,13.435129650369559,13.451832525520215,-0.0025057398610260906,0.001733841256258212,0.001713550824839421,4,0,13.384729180332174
100940939,lamine-yamal,2026-05-01,650000,13.384729180332174,13.416525906265674,13.438634364432907,13.49254805258237,13.417161255669313,13.43642982948447,-0.0023699671700145863,0.001906818916838401,0.0014492678500707525,4,0,13.399996629152975
100940939,lamine-yamal,2026-05-01,660000,13.399996629152975,13.384729180332174,13.450228680410094,13.460264592549233,13.400417238583607,13.427820120427864,0.0011406617657407914,0.0020671717624117813,0.001553675366141482,4,0,13.334245354561496
100940939,lamine-yamal,2026-05-01,618000,13.334245354561496,13.399996629152975,13.416525906265674,13.464535055593716,13.372990388015547,13.409207305994688,-0.004906812771014457,0.003036775960361542,0.0021554503552540525,4,0,13.326121846238388
100940939,lamine-yamal,2026-05-01,613000,13.326121846238388,13.334245354561496,13.384729180332174,13.440091026807503,13.353454609984288,13.392925994484816,-0.0006092214525157402,0.003111894671821725,0.0021636092709526405,4,0,13.356646255406224
100940939,lamine-yamal,2026-05-01,632000,13.356646255406224,13.326121846238388,13.399996629152975,13.438634364432907,13.339004485402036,13.381213407481003,0.0022905695685540017,0.0036212426883747233,0.0025273114344758012,4,0,13.332625923631754
100940939,lamine-yamal,2026-05-01,617000,13.332625923631754,13.356646255406224,13.334245354561496,13.450228680410094,13.338464675092121,13.364413013655525,-0.001798380470303118,0.0021032672819422155,0.002420939633231771,4,0,13.342303402904738
100940939,lamine-yamal,2026-05-01,623000,13.342303402904738,13.332625923631754,13.326121846238388,13.416525906265674,13.34385852731424,13.353809798889676,0.0007258494559447826,0.002063152853104488,0.002449799922405671,4,0,13.301347705172173
100940939,lamine-yamal,2026-05-01,598000,13.301347705172173,13.342303402904738,13.356646255406224,13.384729180332174,13.32542567723622,13.341898159581106,-0.0030696122322962927,0.0019318944217258055,0.002537717613373235,4,0,13.304686600863562
100940939,lamine-yamal,2026-05-02,600000,13.304686600863562,13.301347705172173,13.332625923631754,13.399996629152975,13.316112569646824,13.328282441254048,0.00025101935273008635,0.002067913085588933,0.002439470983565929,5,1,13.28787951079572
100940939,lamine-yamal,2026-05-02,590000,13.28787951079572,13.304686600863562,13.342303402904738,13.334245354561496,13.297971272277152,13.321658749287508,-0.0012632458450205775,0.0016624556504196504,0.0017671579779077737,5,1,13.361381852676738
100940939,lamine-yamal,2026-05-02,635000,13.361381852676738,13.28787951079572,13.301347705172173,13.326121846238388,13.317982654778675,13.326695893064416,0.005531532839479825,0.00356711459362246,0.0028772159262566805,5,1,13.384729180332174
100940939,lamine-yamal,2026-05-02,650000,13.384729180332174,13.361381852676738,13.304686600863562,13.356646255406224,13.344663514601544,13.330707739482408,0.0017473737307163173,0.0034047199532802807,0.0028239662470837907,5,1,13.393917592315308
100940939,lamine-yamal,2026-05-02,656000,13.393917592315308,13.384729180332174,13.28787951079572,13.332625923631754,13.38000954177474,13.339463692151487,0.0006864847139855801,0.002546888199503245,0.002667563886629679,5,1,13.38318953651709
100940939,lamine-yamal,2026-05-02,649000,13.38318953651709,13.393917592315308,13.361381852676738,13.342303402904738,13.387278769721524,13.345304568381824,-0.0008009647456972413,0.0012801054898783802,0.002722982987447895,5,1,13.372345140303285
100940939,lamine-yamal,2026-05-02,642000,13.372345140303285,13.38318953651709,13.384729180332174,13.301347705172173,13.38315075637856,13.355447059114839,-0.0008102998305610232,0.0008614867973174722,0.002345307586309859,5,1,13.393917592315308
100940939,lamine-yamal,2026-05-02,656000,13.393917592315308,13.372345140303285,13.393917592315308,13.304686600863562,13.38315075637856,13.368194343607948,0.0016132138219351333,0.0013965292528300513,0.0023522369876469123,5,1,13.407543823396258
100940939,lamine-yamal,2026-05-02,665000,13.407543823396258,13.393917592315308,13.38318953651709,13.28787951079572,13.39126885200495,13.385289245408023,0.001017344700460665,0.00126285146695456,0.002141881180354523,5,1,13.38318953651709
100940939,lamine-yamal,2026-05-02,649000,13.38318953651709,13.407543823396258,13.372345140303285,13.361381852676738,13.394883650742885,13.388404628813788,-0.0018164614786989608,0.0018324932987030629,0.0013770141819245585,5,1,13.370786295963992
100940939,lamine-yamal,2026-05-02,641000,13.370786295963992,13.38318953651709,13.393917592315308,13.384729180332174,13.387173218625781,13.38641278818976,-0.0009267776204808786,0.001449230050026588,0.0012524329086085642,5,1,13.420986873572868
100940939,lamine-yamal,2026-05-02,674000,13.420986873572868,13.370786295963992,13.407543823396258,13.393917592315308,13.391654235351316,13.390279828369414,0.003754497042857574,0.0029928094017186127,0.0019408441625891506,5,1,13.387801374649944
100940939,lamine-yamal,2026-05-02,652000,13.387801374649944,13.420986873572868,13.38318953651709,13.38318953651709,13.393191514728935,13.390938662388391,-0.00247265713285727,0.003242466269897104,0.0021849625523079285,5,1,13.521140839642674
100940939,lamine-yamal,2026-05-02,745000,13.521140839642674,13.387801374649944,13.370786295963992,13.372345140303285,13.443309695955163,13.412195190865448,0.00995977317419805,0.006216218361861904,0.00427219607116492,5,1,13.510344528022657
100940939,lamine-yamal,2026-05-02,737000,13.510344528022657,13.521140839642674,13.420986873572868,13.393917592315308,13.47309558077176,13.428827610252213,-0.0007984763821381469,0.0067467046035116825,0.004366207503909747,5,1,13.403022345492023
100940939,lamine-yamal,2026-05-02,662000,13.403022345492023,13.510344528022657,13.387801374649944,13.407543823396258,13.478169237719117,13.428181684837321,-0.00794370434506908,0.009012294597211465,0.005587147806405524,5,1,13.418015107599418
100940939,lamine-yamal,2026-05-02,672000,13.418015107599418,13.403022345492023,13.521140839642674,13.38318953651709,13.443793993704697,13.43315676642051,0.001118610543273224,0.004775895309735198,0.005541102046299026,5,1,13.345508528717259
100940939,lamine-yamal,2026-05-02,625000,13.345508528717259,13.418015107599418,13.510344528022657,13.370786295963992,13.388848660602898,13.429545656813834,-0.005403673963751521,0.004674710341544558,0.00596018527721596,5,1,13.326121846238388
100940939,lamine-yamal,2026-05-02,613000,13.326121846238388,13.345508528717259,13.403022345492023,13.420986873572868,13.36321516085169,13.415993510051766,-0.0014526746910508148,0.0032853741085734673,0.0056954184928203885,5,1,13.359805810705184
100940939,lamine-yamal,2026-05-02,634000,13.359805810705184,13.326121846238388,13.418015107599418,13.387801374649944,13.343812061886943,13.411994143773942,0.0025276644514775626,0.003965678252189103,0.005792527915768392,5,1,13.358227280903897
100940939,lamine-yamal,2026-05-02,633000,13.358227280903897,13.359805810705184,13.345508528717259,13.521140839642674,13.348051645949155,13.388720778239831,-0.00011815514564006424,0.002025849757802006,0.003694382135658412,5,1,13.403022345492023
100940939,lamine-yamal,2026-05-02,662000,13.403022345492023,13.358227280903897,13.326121846238388,13.510344528022657,13.37368514570037,13.373389037878313,0.0033533689497977637,0.001813542978272251,0.004170414653504679,5,1,13.390864159490155
100940939,lamine-yamal,2026-05-02,654000,13.390864159490155,13.403022345492023,13.359805810705184,13.403022345492023,13.384037928628691,13.37165215416376,-0.0009071227137031901,0.00226663254570233,0.002913220473215583,5,1,13.370786295963992
100940939,lamine-yamal,2026-05-02,641000,13.370786295963992,13.390864159490155,13.358227280903897,13.418015107599418,13.388224266982057,13.364905181072986,-0.0014993702637132733,0.002647376822743661,0.0028947972590024,5,1,13.398480330934175
100940939,lamine-yamal,2026-05-03,659000,13.398480330934175,13.370786295963992,13.403022345492023,13.345508528717259,13.38671026212944,13.372472581389689,0.002071234582407655,0.0019135738079542877,0.0020356088736291724,6,1,13.407543823396258
100940939,lamine-yamal,2026-05-03,665000,13.407543823396258,13.398480330934175,13.390864159490155,13.326121846238388,13.392270150098142,13.38410429241224,0.0006764567501851282,0.0017994836001295764,0.0018322981542648813,6,1,13.369225017834633
